event_id,employee_id,badge_id,phone_id,event_type,event_timestamp,facility,device_id,raw_data
1,4,BADGE_0004,,CHECK_IN,2025-10-28 08:34:00,Office_Branch,DEVICE_5,{'confidence': 0.93}
2,1,BADGE_0001,PHONE_0001,CHECK_IN,2025-10-28 09:00:00,Warehouse_B,DEVICE_2,{'confidence': 0.98}
3,11,BADGE_0011,,CHECK_IN,2025-10-28 09:00:00,Warehouse_A,DEVICE_5,{'confidence': 0.96}
4,20,BADGE_0020,,CHECK_IN,2025-10-28 09:00:00,Office_Branch,DEVICE_9,{'confidence': 0.99}
5,24,BADGE_0024,,CHECK_IN,2025-10-28 09:00:00,Warehouse_A,DEVICE_10,{'confidence': 0.99}
6,29,BADGE_0029,,CHECK_IN,2025-10-28 09:00:00,Warehouse_A,DEVICE_10,{'confidence': 0.94}
7,30,BADGE_0030,,CHECK_IN,2025-10-28 09:00:00,Warehouse_B,DEVICE_6,{'confidence': 0.91}
8,38,BADGE_0038,,CHECK_IN,2025-10-28 09:00:00,Warehouse_B,DEVICE_4,{'confidence': 0.93}
9,40,BADGE_0040,,CHECK_IN,2025-10-28 09:00:00,Warehouse_A,DEVICE_7,{'confidence': 0.98}
10,43,BADGE_0043,,CHECK_IN,2025-10-28 09:00:00,Office_Branch,DEVICE_9,{'confidence': 0.90}
11,44,BADGE_0044,PHONE_0044,CHECK_IN,2025-10-28 09:00:00,HQ,DEVICE_8,{'confidence': 0.85}
12,49,BADGE_0049,PHONE_0049,CHECK_IN,2025-10-28 09:00:00,Warehouse_A,DEVICE_9,{'confidence': 0.90}
13,42,BADGE_0042,PHONE_0042,CHECK_IN,2025-10-28 09:46:00,Office_Branch,DEVICE_5,{'confidence': 0.97}
14,8,BADGE_0008,,CHECK_IN,2025-10-28 10:00:00,Warehouse_B,DEVICE_4,{'confidence': 0.99}
15,9,BADGE_0009,PHONE_0009,CHECK_IN,2025-10-28 10:00:00,Warehouse_A,DEVICE_5,{'confidence': 0.96}
16,12,BADGE_0012,PHONE_0012,CHECK_IN,2025-10-28 10:00:00,Warehouse_A,DEVICE_8,{'confidence': 0.99}
17,15,BADGE_0015,,CHECK_IN,2025-10-28 10:00:00,Warehouse_B,DEVICE_2,{'confidence': 0.94}
18,19,BADGE_0019,PHONE_0019,CHECK_IN,2025-10-28 10:00:00,Warehouse_A,DEVICE_8,{'confidence': 0.89}
19,22,BADGE_0022,,CHECK_IN,2025-10-28 10:00:00,Office_Branch,DEVICE_4,{'confidence': 0.89}
20,26,BADGE_0026,,CHECK_IN,2025-10-28 10:00:00,Warehouse_B,DEVICE_3,{'confidence': 0.85}
21,33,BADGE_0033,,CHECK_IN,2025-10-28 10:00:00,HQ,DEVICE_8,{'confidence': 1.00}
22,34,BADGE_0034,,CHECK_IN,2025-10-28 10:00:00,Office_Branch,DEVICE_5,{'confidence': 0.98}
23,48,BADGE_0048,,CHECK_IN,2025-10-28 10:00:00,Warehouse_B,DEVICE_1,{'confidence': 0.87}
24,18,BADGE_0018,,CHECK_IN,2025-10-28 10:37:00,Warehouse_A,DEVICE_8,{'confidence': 0.96}
25,25,BADGE_0025,,CHECK_IN,2025-10-28 10:52:00,HQ,DEVICE_10,{'confidence': 1.00}
26,20,BADGE_0020,,CHECK_OUT,2025-10-28 13:00:00,Office_Branch,DEVICE_7,{'confidence': 0.95}
27,20,BADGE_0020,,CHECK_IN,2025-10-28 13:15:00,HQ,DEVICE_5,{'confidence': 0.95}
28,5,BADGE_0005,,CHECK_IN,2025-10-28 14:00:00,Warehouse_B,DEVICE_1,{'confidence': 0.90}
29,7,BADGE_0007,,CHECK_IN,2025-10-28 14:00:00,HQ,DEVICE_10,{'confidence': 0.88}
30,8,BADGE_0008,,CHECK_OUT,2025-10-28 14:00:00,Warehouse_B,DEVICE_8,{'confidence': 0.95}
31,8,BADGE_0008,,CHECK_OUT,2025-10-28 14:00:00,Warehouse_B,DEVICE_8,{'confidence': 0.94}
32,9,BADGE_0009,PHONE_0009,CHECK_OUT,2025-10-28 14:00:00,Warehouse_A,DEVICE_4,{'confidence': 0.89}
33,12,BADGE_0012,PHONE_0012,CHECK_OUT,2025-10-28 14:00:00,Warehouse_A,DEVICE_9,{'confidence': 0.85}
34,15,BADGE_0015,,CHECK_OUT,2025-10-28 14:00:00,Warehouse_B,DEVICE_10,{'confidence': 0.95}
35,19,BADGE_0019,PHONE_0019,CHECK_OUT,2025-10-28 14:00:00,Warehouse_A,DEVICE_10,{'confidence': 0.95}
36,21,BADGE_0021,,CHECK_IN,2025-10-28 14:00:00,HQ,DEVICE_5,{'confidence': 0.88}
37,22,BADGE_0022,,CHECK_OUT,2025-10-28 14:00:00,Office_Branch,DEVICE_5,{'confidence': 0.85}
38,26,BADGE_0026,,CHECK_OUT,2025-10-28 14:00:00,Warehouse_B,DEVICE_10,{'confidence': 0.92}
39,26,BADGE_0026,,CHECK_OUT,2025-10-28 14:00:00,Warehouse_B,DEVICE_5,{'confidence': 0.96}
40,28,BADGE_0028,PHONE_0028,CHECK_IN,2025-10-28 14:00:00,Office_Branch,DEVICE_3,{'confidence': 0.86}
41,32,BADGE_0032,PHONE_0032,CHECK_IN,2025-10-28 14:00:00,HQ,DEVICE_5,{'confidence': 0.93}
42,33,BADGE_0033,,CHECK_OUT,2025-10-28 14:00:00,HQ,DEVICE_9,{'confidence': 0.87}
43,34,BADGE_0034,,CHECK_OUT,2025-10-28 14:00:00,Office_Branch,DEVICE_8,{'confidence': 0.98}
44,35,BADGE_0035,PHONE_0035,CHECK_IN,2025-10-28 14:00:00,Office_Branch,DEVICE_7,{'confidence': 0.86}
45,40,BADGE_0040,,CHECK_OUT,2025-10-28 14:00:00,Warehouse_A,DEVICE_6,{'confidence': 0.94}
46,41,BADGE_0041,,CHECK_IN,2025-10-28 14:00:00,HQ,DEVICE_3,{'confidence': 0.94}
47,42,BADGE_0042,PHONE_0042,CHECK_OUT,2025-10-28 14:00:00,Office_Branch,DEVICE_8,{'confidence': 1.00}
48,46,BADGE_0046,PHONE_0046,CHECK_IN,2025-10-28 14:00:00,HQ,DEVICE_2,{'confidence': 1.00}
49,48,BADGE_0048,,CHECK_OUT,2025-10-28 14:00:00,Warehouse_B,DEVICE_4,{'confidence': 0.94}
50,48,BADGE_0048,,CHECK_OUT,2025-10-28 14:00:00,Warehouse_B,DEVICE_3,{'confidence': 0.96}
51,50,BADGE_0050,,CHECK_IN,2025-10-28 14:00:00,HQ,DEVICE_2,{'confidence': 0.87}
52,26,BADGE_0026,,CHECK_IN,2025-10-28 14:15:00,Office_Branch,DEVICE_8,{'confidence': 0.86}
53,48,BADGE_0048,,CHECK_IN,2025-10-28 14:15:00,HQ,DEVICE_9,{'confidence': 0.87}
54,31,BADGE_0031,PHONE_0031,CHECK_IN,2025-10-28 14:47:00,Warehouse_B,DEVICE_9,{'confidence': 0.92}
55,40,BADGE_0040,,CHECK_IN,2025-10-28 14:48:00,Warehouse_A,DEVICE_5,{'confidence': 0.85}
56,8,BADGE_0008,,CHECK_IN,2025-10-28 14:55:00,Warehouse_B,DEVICE_9,{'confidence': 0.94}
57,20,BADGE_0020,,CHECK_OUT,2025-10-28 15:00:00,Office_Branch,DEVICE_8,{'confidence': 0.93}
58,29,BADGE_0029,,CHECK_OUT,2025-10-28 15:00:00,Warehouse_A,DEVICE_5,{'confidence': 0.94}
59,13,BADGE_0013,,CHECK_IN,2025-10-28 15:09:00,Warehouse_A,DEVICE_7,{'confidence': 0.89}
60,20,BADGE_0020,,CHECK_IN,2025-10-28 15:43:00,Office_Branch,DEVICE_4,{'confidence': 0.95}
61,29,BADGE_0029,,CHECK_IN,2025-10-28 15:56:00,Warehouse_A,DEVICE_3,{'confidence': 0.92}
62,30,BADGE_0030,,CHECK_OUT,2025-10-28 16:01:00,Warehouse_B,DEVICE_7,{'confidence': 0.97}
63,43,BADGE_0043,,CHECK_OUT,2025-10-28 16:17:00,Office_Branch,DEVICE_1,{'confidence': 0.89}
64,1,BADGE_0001,PHONE_0001,CHECK_OUT,2025-10-28 17:00:00,Warehouse_B,DEVICE_10,{'confidence': 0.99}
65,4,BADGE_0004,,CHECK_OUT,2025-10-28 17:00:00,Office_Branch,DEVICE_6,{'confidence': 0.91}
66,18,BADGE_0018,,CHECK_OUT,2025-10-28 17:00:00,Warehouse_A,DEVICE_9,{'confidence': 0.99}
67,20,BADGE_0020,,CHECK_OUT,2025-10-28 17:00:00,Office_Branch,DEVICE_8,{'confidence': 0.92}
68,25,BADGE_0025,,CHECK_OUT,2025-10-28 17:00:00,HQ,DEVICE_10,{'confidence': 0.86}
69,29,BADGE_0029,,CHECK_OUT,2025-10-28 17:00:00,Warehouse_A,DEVICE_8,{'confidence': 0.99}
70,40,BADGE_0040,,CHECK_OUT,2025-10-28 17:00:00,Warehouse_A,DEVICE_7,{'confidence': 0.89}
71,44,BADGE_0044,PHONE_0044,CHECK_OUT,2025-10-28 17:00:00,HQ,DEVICE_9,{'confidence': 0.90}
72,49,BADGE_0049,PHONE_0049,CHECK_OUT,2025-10-28 17:00:00,Warehouse_A,DEVICE_1,{'confidence': 0.86}
73,38,BADGE_0038,,CHECK_OUT,2025-10-28 17:29:00,Warehouse_B,DEVICE_3,{'confidence': 0.88}
74,28,BADGE_0028,PHONE_0028,CHECK_OUT,2025-10-28 19:00:00,Office_Branch,DEVICE_10,{'confidence': 0.99}
75,11,BADGE_0011,,CHECK_OUT,2025-10-28 19:42:00,Warehouse_A,DEVICE_7,{'confidence': 0.93}
76,28,BADGE_0028,PHONE_0028,CHECK_IN,2025-10-28 19:49:00,Office_Branch,DEVICE_8,{'confidence': 0.87}
77,46,BADGE_0046,PHONE_0046,CHECK_OUT,2025-10-28 20:00:00,HQ,DEVICE_6,{'confidence': 0.86}
78,31,BADGE_0031,PHONE_0031,CHECK_OUT,2025-10-28 20:47:00,Warehouse_B,DEVICE_10,{'confidence': 0.96}
79,41,BADGE_0041,,CHECK_OUT,2025-10-28 21:00:00,HQ,DEVICE_1,{'confidence': 0.90}
80,31,BADGE_0031,PHONE_0031,CHECK_IN,2025-10-28 21:28:00,Warehouse_B,DEVICE_8,{'confidence': 0.96}
81,14,BADGE_0014,,CHECK_IN,2025-10-28 21:35:00,Office_Branch,DEVICE_4,{'confidence': 0.87}
82,36,BADGE_0036,,CHECK_IN,2025-10-28 21:39:00,HQ,DEVICE_8,{'confidence': 0.85}
83,3,BADGE_0003,PHONE_0003,CHECK_IN,2025-10-28 22:00:00,HQ,DEVICE_7,{'confidence': 0.85}
84,5,BADGE_0005,,CHECK_OUT,2025-10-28 22:00:00,Warehouse_B,DEVICE_10,{'confidence': 0.94}
85,6,BADGE_0006,,CHECK_IN,2025-10-28 22:00:00,HQ,DEVICE_5,{'confidence': 0.93}
86,10,BADGE_0010,PHONE_0010,CHECK_IN,2025-10-28 22:00:00,Warehouse_B,DEVICE_4,{'confidence': 0.86}
87,16,BADGE_0016,,CHECK_IN,2025-10-28 22:00:00,Office_Branch,DEVICE_10,{'confidence': 0.97}
88,21,BADGE_0021,,CHECK_OUT,2025-10-28 22:00:00,HQ,DEVICE_6,{'confidence': 0.87}
89,28,BADGE_0028,PHONE_0028,CHECK_OUT,2025-10-28 22:00:00,Office_Branch,DEVICE_5,{'confidence': 0.95}
90,31,BADGE_0031,PHONE_0031,CHECK_OUT,2025-10-28 22:00:00,Warehouse_B,DEVICE_4,{'confidence': 0.89}
91,32,BADGE_0032,PHONE_0032,CHECK_OUT,2025-10-28 22:00:00,HQ,DEVICE_2,{'confidence': 0.88}
92,35,BADGE_0035,PHONE_0035,CHECK_OUT,2025-10-28 22:00:00,Office_Branch,DEVICE_7,{'confidence': 0.91}
93,37,BADGE_0037,,CHECK_IN,2025-10-28 22:00:00,Warehouse_A,DEVICE_5,{'confidence': 1.00}
94,39,BADGE_0039,,CHECK_IN,2025-10-28 22:00:00,HQ,DEVICE_1,{'confidence': 0.98}
95,45,BADGE_0045,,CHECK_IN,2025-10-28 22:00:00,Warehouse_A,DEVICE_5,{'confidence': 1.00}
96,47,BADGE_0047,,CHECK_IN,2025-10-28 22:00:00,HQ,DEVICE_9,{'confidence': 0.88}
97,50,BADGE_0050,,CHECK_OUT,2025-10-28 22:00:00,HQ,DEVICE_10,{'confidence': 0.93}
98,23,BADGE_0023,,CHECK_IN,2025-10-28 22:21:00,Warehouse_A,DEVICE_1,{'confidence': 0.94}
99,7,BADGE_0007,,CHECK_OUT,2025-10-28 23:17:00,HQ,DEVICE_8,{'confidence': 0.91}
100,13,BADGE_0013,,CHECK_OUT,2025-10-28 23:52:00,Warehouse_A,DEVICE_7,{'confidence': 0.89}
101,45,BADGE_0045,,CHECK_OUT,2025-10-29 02:00:00,Warehouse_A,DEVICE_9,{'confidence': 0.87}
102,45,BADGE_0045,,CHECK_IN,2025-10-29 02:58:00,Warehouse_A,DEVICE_8,{'confidence': 0.91}
103,36,BADGE_0036,,CHECK_OUT,2025-10-29 03:39:00,HQ,DEVICE_2,{'confidence': 0.92}
104,36,BADGE_0036,,CHECK_IN,2025-10-29 04:13:00,HQ,DEVICE_5,{'confidence': 0.90}
105,47,BADGE_0047,,CHECK_OUT,2025-10-29 05:00:00,HQ,DEVICE_4,{'confidence': 0.90}
106,14,BADGE_0014,,CHECK_OUT,2025-10-29 05:42:00,Office_Branch,DEVICE_10,{'confidence': 0.99}
107,3,BADGE_0003,PHONE_0003,CHECK_OUT,2025-10-29 06:00:00,HQ,DEVICE_9,{'confidence': 0.95}
108,6,BADGE_0006,,CHECK_OUT,2025-10-29 06:00:00,HQ,DEVICE_6,{'confidence': 0.86}
109,10,BADGE_0010,PHONE_0010,CHECK_OUT,2025-10-29 06:00:00,Warehouse_B,DEVICE_9,{'confidence': 0.92}
110,16,BADGE_0016,,CHECK_OUT,2025-10-29 06:00:00,Office_Branch,DEVICE_10,{'confidence': 0.97}
111,23,BADGE_0023,,CHECK_OUT,2025-10-29 06:00:00,Warehouse_A,DEVICE_8,{'confidence': 0.90}
112,36,BADGE_0036,,CHECK_OUT,2025-10-29 06:00:00,HQ,DEVICE_7,{'confidence': 0.95}
113,37,BADGE_0037,,CHECK_OUT,2025-10-29 06:00:00,Warehouse_A,DEVICE_7,{'confidence': 1.00}
114,39,BADGE_0039,,CHECK_OUT,2025-10-29 06:00:00,HQ,DEVICE_5,{'confidence': 0.95}
115,45,BADGE_0045,,CHECK_OUT,2025-10-29 06:00:00,Warehouse_A,DEVICE_9,{'confidence': 0.91}
116,38,BADGE_0038,,CHECK_IN,2025-10-29 08:49:00,Warehouse_B,DEVICE_9,{'confidence': 0.92}
117,1,BADGE_0001,PHONE_0001,CHECK_IN,2025-10-29 09:00:00,Warehouse_B,DEVICE_4,{'confidence': 0.91}
118,4,BADGE_0004,,CHECK_IN,2025-10-29 09:00:00,Office_Branch,DEVICE_10,{'confidence': 0.90}
119,11,BADGE_0011,,CHECK_IN,2025-10-29 09:00:00,Warehouse_A,DEVICE_7,{'confidence': 0.93}
120,24,BADGE_0024,,CHECK_IN,2025-10-29 09:00:00,Warehouse_A,DEVICE_10,{'confidence': 0.95}
121,29,BADGE_0029,,CHECK_IN,2025-10-29 09:00:00,Warehouse_A,DEVICE_10,{'confidence': 1.00}
122,30,BADGE_0030,,CHECK_IN,2025-10-29 09:00:00,Warehouse_B,DEVICE_9,{'confidence': 0.99}
123,40,BADGE_0040,,CHECK_IN,2025-10-29 09:00:00,Warehouse_A,DEVICE_1,{'confidence': 0.96}
124,43,BADGE_0043,,CHECK_IN,2025-10-29 09:00:00,Office_Branch,DEVICE_5,{'confidence': 0.89}
125,44,BADGE_0044,PHONE_0044,CHECK_IN,2025-10-29 09:00:00,HQ,DEVICE_8,{'confidence': 1.00}
126,49,BADGE_0049,PHONE_0049,CHECK_IN,2025-10-29 09:00:00,Warehouse_A,DEVICE_7,{'confidence': 0.94}
127,25,BADGE_0025,,CHECK_IN,2025-10-29 10:45:00,HQ,DEVICE_7,{'confidence': 0.93}
128,46,BADGE_0046,PHONE_0046,CHECK_IN,2025-10-29 13:38:00,HQ,DEVICE_7,{'confidence': 0.97}
129,32,BADGE_0032,PHONE_0032,CHECK_IN,2025-10-29 13:52:00,HQ,DEVICE_8,{'confidence': 0.95}
130,5,BADGE_0005,,CHECK_IN,2025-10-29 14:00:00,Warehouse_B,DEVICE_5,{'confidence': 0.85}
131,7,BADGE_0007,,CHECK_IN,2025-10-29 14:00:00,HQ,DEVICE_5,{'confidence': 0.92}
132,13,BADGE_0013,,CHECK_IN,2025-10-29 14:00:00,Warehouse_A,DEVICE_7,{'confidence': 0.85}
133,18,BADGE_0018,,CHECK_IN,2025-10-29 14:00:00,Warehouse_A,DEVICE_10,{'confidence': 0.95}
134,20,BADGE_0020,,CHECK_IN,2025-10-29 14:00:00,Office_Branch,DEVICE_8,{'confidence': 0.86}
135,21,BADGE_0021,,CHECK_IN,2025-10-29 14:00:00,HQ,DEVICE_10,{'confidence': 0.95}
136,28,BADGE_0028,PHONE_0028,CHECK_IN,2025-10-29 14:00:00,Office_Branch,DEVICE_1,{'confidence': 0.91}
137,31,BADGE_0031,PHONE_0031,CHECK_IN,2025-10-29 14:00:00,Warehouse_B,DEVICE_6,{'confidence': 0.99}
138,35,BADGE_0035,PHONE_0035,CHECK_IN,2025-10-29 14:00:00,Office_Branch,DEVICE_8,{'confidence': 0.94}
139,50,BADGE_0050,,CHECK_IN,2025-10-29 14:00:00,HQ,DEVICE_6,{'confidence': 1.00}
140,38,BADGE_0038,,CHECK_OUT,2025-10-29 14:49:00,Warehouse_B,DEVICE_5,{'confidence': 0.90}
141,4,BADGE_0004,,CHECK_OUT,2025-10-29 15:00:00,Office_Branch,DEVICE_3,{'confidence': 0.95}
142,43,BADGE_0043,,CHECK_OUT,2025-10-29 15:00:00,Office_Branch,DEVICE_8,{'confidence': 0.93}
143,49,BADGE_0049,PHONE_0049,CHECK_OUT,2025-10-29 15:00:00,Warehouse_A,DEVICE_5,{'confidence': 0.95}
144,49,BADGE_0049,PHONE_0049,CHECK_OUT,2025-10-29 15:00:00,Warehouse_A,DEVICE_7,{'confidence': 0.89}
145,38,BADGE_0038,,CHECK_IN,2025-10-29 15:25:00,Warehouse_B,DEVICE_1,{'confidence': 0.98}
146,43,BADGE_0043,,CHECK_IN,2025-10-29 15:35:00,Office_Branch,DEVICE_9,{'confidence': 0.87}
147,4,BADGE_0004,,CHECK_IN,2025-10-29 15:36:00,Office_Branch,DEVICE_4,{'confidence': 0.98}
148,41,BADGE_0041,,CHECK_IN,2025-10-29 15:36:00,HQ,DEVICE_2,{'confidence': 0.89}
149,25,BADGE_0025,,CHECK_OUT,2025-10-29 15:45:00,HQ,DEVICE_4,{'confidence': 0.90}
150,49,BADGE_0049,PHONE_0049,CHECK_IN,2025-10-29 15:47:00,Warehouse_A,DEVICE_5,{'confidence': 0.92}
151,40,BADGE_0040,,CHECK_OUT,2025-10-29 16:08:00,Warehouse_A,DEVICE_10,{'confidence': 1.00}
152,25,BADGE_0025,,CHECK_IN,2025-10-29 16:20:00,HQ,DEVICE_8,{'confidence': 0.88}
153,1,BADGE_0001,PHONE_0001,CHECK_OUT,2025-10-29 16:31:00,Warehouse_B,DEVICE_7,{'confidence': 0.91}
154,24,BADGE_0024,,CHECK_OUT,2025-10-29 16:33:00,Warehouse_A,DEVICE_5,{'confidence': 1.00}
155,4,BADGE_0004,,CHECK_OUT,2025-10-29 17:00:00,Office_Branch,DEVICE_6,{'confidence': 0.98}
156,11,BADGE_0011,,CHECK_OUT,2025-10-29 17:00:00,Warehouse_A,DEVICE_9,{'confidence': 0.98}
157,25,BADGE_0025,,CHECK_OUT,2025-10-29 17:00:00,HQ,DEVICE_3,{'confidence': 0.87}
158,29,BADGE_0029,,CHECK_OUT,2025-10-29 17:00:00,Warehouse_A,DEVICE_5,{'confidence': 0.97}
159,30,BADGE_0030,,CHECK_OUT,2025-10-29 17:00:00,Warehouse_B,DEVICE_9,{'confidence': 0.98}
160,38,BADGE_0038,,CHECK_OUT,2025-10-29 17:00:00,Warehouse_B,DEVICE_6,{'confidence': 0.89}
161,43,BADGE_0043,,CHECK_OUT,2025-10-29 17:00:00,Office_Branch,DEVICE_5,{'confidence': 0.96}
162,46,BADGE_0046,PHONE_0046,CHECK_OUT,2025-10-29 18:38:00,HQ,DEVICE_2,{'confidence': 0.92}
163,50,BADGE_0050,,CHECK_OUT,2025-10-29 19:00:00,HQ,DEVICE_9,{'confidence': 0.87}
164,46,BADGE_0046,PHONE_0046,CHECK_IN,2025-10-29 19:28:00,HQ,DEVICE_9,{'confidence': 0.90}
165,50,BADGE_0050,,CHECK_IN,2025-10-29 19:46:00,HQ,DEVICE_4,{'confidence': 0.92}
166,32,BADGE_0032,PHONE_0032,CHECK_OUT,2025-10-29 19:52:00,HQ,DEVICE_8,{'confidence': 0.94}
167,35,BADGE_0035,PHONE_0035,CHECK_OUT,2025-10-29 20:00:00,Office_Branch,DEVICE_4,{'confidence': 0.96}
168,46,BADGE_0046,PHONE_0046,CHECK_OUT,2025-10-29 20:00:00,HQ,DEVICE_9,{'confidence': 0.95}
169,32,BADGE_0032,PHONE_0032,CHECK_IN,2025-10-29 20:37:00,HQ,DEVICE_2,{'confidence': 0.85}
170,35,BADGE_0035,PHONE_0035,CHECK_IN,2025-10-29 20:48:00,Office_Branch,DEVICE_5,{'confidence': 0.91}
171,13,BADGE_0013,,CHECK_OUT,2025-10-29 21:05:00,Warehouse_A,DEVICE_10,{'confidence': 0.92}
172,23,BADGE_0023,,CHECK_IN,2025-10-29 21:35:00,Warehouse_A,DEVICE_10,{'confidence': 0.87}
173,7,BADGE_0007,,CHECK_OUT,2025-10-29 21:39:00,HQ,DEVICE_10,{'confidence': 0.92}
174,36,BADGE_0036,,CHECK_IN,2025-10-29 21:44:00,HQ,DEVICE_8,{'confidence': 0.86}
175,3,BADGE_0003,PHONE_0003,CHECK_IN,2025-10-29 22:00:00,HQ,DEVICE_6,{'confidence': 0.97}
176,5,BADGE_0005,,CHECK_OUT,2025-10-29 22:00:00,Warehouse_B,DEVICE_5,{'confidence': 0.99}
177,6,BADGE_0006,,CHECK_IN,2025-10-29 22:00:00,HQ,DEVICE_9,{'confidence': 0.88}
178,16,BADGE_0016,,CHECK_IN,2025-10-29 22:00:00,Office_Branch,DEVICE_2,{'confidence': 0.93}
179,18,BADGE_0018,,CHECK_OUT,2025-10-29 22:00:00,Warehouse_A,DEVICE_6,{'confidence': 0.98}
180,20,BADGE_0020,,CHECK_OUT,2025-10-29 22:00:00,Office_Branch,DEVICE_5,{'confidence': 0.86}
181,21,BADGE_0021,,CHECK_OUT,2025-10-29 22:00:00,HQ,DEVICE_8,{'confidence': 0.93}
182,28,BADGE_0028,PHONE_0028,CHECK_OUT,2025-10-29 22:00:00,Office_Branch,DEVICE_4,{'confidence': 1.00}
183,31,BADGE_0031,PHONE_0031,CHECK_OUT,2025-10-29 22:00:00,Warehouse_B,DEVICE_7,{'confidence': 0.93}
184,32,BADGE_0032,PHONE_0032,CHECK_OUT,2025-10-29 22:00:00,HQ,DEVICE_4,{'confidence': 0.98}
185,35,BADGE_0035,PHONE_0035,CHECK_OUT,2025-10-29 22:00:00,Office_Branch,DEVICE_10,{'confidence': 0.90}
186,39,BADGE_0039,,CHECK_IN,2025-10-29 22:00:00,HQ,DEVICE_6,{'confidence': 0.99}
187,41,BADGE_0041,,CHECK_OUT,2025-10-29 22:00:00,HQ,DEVICE_6,{'confidence': 0.91}
188,45,BADGE_0045,,CHECK_IN,2025-10-29 22:00:00,Warehouse_A,DEVICE_3,{'confidence': 0.97}
189,47,BADGE_0047,,CHECK_IN,2025-10-29 22:00:00,HQ,DEVICE_9,{'confidence': 0.89}
190,50,BADGE_0050,,CHECK_OUT,2025-10-29 22:00:00,HQ,DEVICE_5,{'confidence': 0.92}
191,37,BADGE_0037,,CHECK_IN,2025-10-29 23:00:00,Warehouse_A,DEVICE_8,{'confidence': 0.94}
192,10,BADGE_0010,PHONE_0010,CHECK_IN,2025-10-29 23:41:00,Warehouse_B,DEVICE_1,{'confidence': 0.85}
193,36,BADGE_0036,,CHECK_OUT,2025-10-29 23:44:00,HQ,DEVICE_4,{'confidence': 0.96}
194,36,BADGE_0036,,CHECK_IN,2025-10-29 23:59:00,Warehouse_B,DEVICE_2,{'confidence': 0.97}
195,16,BADGE_0016,,CHECK_OUT,2025-10-30 04:00:00,Office_Branch,DEVICE_6,{'confidence': 0.90}
196,47,BADGE_0047,,CHECK_OUT,2025-10-30 04:00:00,HQ,DEVICE_10,{'confidence': 0.93}
197,16,BADGE_0016,,CHECK_IN,2025-10-30 04:36:00,Office_Branch,DEVICE_3,{'confidence': 0.89}
198,36,BADGE_0036,,CHECK_OUT,2025-10-30 04:38:00,HQ,DEVICE_6,{'confidence': 0.89}
199,6,BADGE_0006,,CHECK_OUT,2025-10-30 06:00:00,HQ,DEVICE_6,{'confidence': 0.87}
200,16,BADGE_0016,,CHECK_OUT,2025-10-30 06:00:00,Office_Branch,DEVICE_3,{'confidence': 0.89}
201,23,BADGE_0023,,CHECK_OUT,2025-10-30 06:00:00,Warehouse_A,DEVICE_5,{'confidence': 0.91}
202,37,BADGE_0037,,CHECK_OUT,2025-10-30 06:00:00,Warehouse_A,DEVICE_2,{'confidence': 0.96}
203,39,BADGE_0039,,CHECK_OUT,2025-10-30 06:00:00,HQ,DEVICE_2,{'confidence': 0.96}
204,45,BADGE_0045,,CHECK_OUT,2025-10-30 06:00:00,Warehouse_A,DEVICE_2,{'confidence': 1.00}
205,1,BADGE_0001,PHONE_0001,CHECK_IN,2025-10-30 09:00:00,Warehouse_B,DEVICE_10,{'confidence': 0.96}
206,11,BADGE_0011,,CHECK_IN,2025-10-30 09:00:00,Warehouse_A,DEVICE_8,{'confidence': 0.87}
207,18,BADGE_0018,,CHECK_IN,2025-10-30 09:00:00,Warehouse_A,DEVICE_10,{'confidence': 0.98}
208,25,BADGE_0025,,CHECK_IN,2025-10-30 09:00:00,HQ,DEVICE_7,{'confidence': 0.87}
209,4,BADGE_0004,,CHECK_IN,2025-10-30 09:27:00,Office_Branch,DEVICE_9,{'confidence': 0.91}
210,33,BADGE_0033,,CHECK_IN,2025-10-30 09:38:00,HQ,DEVICE_7,{'confidence': 0.97}
211,8,BADGE_0008,,CHECK_IN,2025-10-30 10:00:00,Warehouse_B,DEVICE_4,{'confidence': 0.99}
212,9,BADGE_0009,PHONE_0009,CHECK_IN,2025-10-30 10:00:00,Warehouse_A,DEVICE_10,{'confidence': 0.95}
213,12,BADGE_0012,PHONE_0012,CHECK_IN,2025-10-30 10:00:00,Warehouse_A,DEVICE_4,{'confidence': 0.96}
214,15,BADGE_0015,,CHECK_IN,2025-10-30 10:00:00,Warehouse_B,DEVICE_7,{'confidence': 0.97}
215,19,BADGE_0019_ALT,PHONE_0019,CHECK_IN,2025-10-30 10:00:00,Warehouse_A,DEVICE_9,{'confidence': 0.92}
216,22,BADGE_0022,,CHECK_IN,2025-10-30 10:00:00,Office_Branch,DEVICE_4,{'confidence': 0.89}
217,26,BADGE_0026,,CHECK_IN,2025-10-30 10:00:00,Warehouse_B,DEVICE_5,{'confidence': 0.88}
218,34,BADGE_0034,,CHECK_IN,2025-10-30 10:00:00,Office_Branch,DEVICE_4,{'confidence': 1.00}
219,48,BADGE_0048,,CHECK_IN,2025-10-30 10:00:00,Warehouse_B,DEVICE_2,{'confidence': 0.97}
220,42,BADGE_0042,PHONE_0042,CHECK_IN,2025-10-30 10:26:00,Office_Branch,DEVICE_9,{'confidence': 0.99}
221,30,BADGE_0030,,CHECK_IN,2025-10-30 10:47:00,Warehouse_B,DEVICE_4,{'confidence': 0.96}
222,1,BADGE_0001,PHONE_0001,CHECK_OUT,2025-10-30 13:00:00,Warehouse_B,DEVICE_9,{'confidence': 0.92}
223,15,BADGE_0015,,CHECK_OUT,2025-10-30 13:02:00,Warehouse_B,DEVICE_2,{'confidence': 0.91}
224,4,BADGE_0004,,CHECK_OUT,2025-10-30 13:27:00,Office_Branch,DEVICE_6,{'confidence': 0.97}
225,22,BADGE_0022,,CHECK_OUT,2025-10-30 13:43:00,Office_Branch,DEVICE_5,{'confidence': 0.88}
226,1,BADGE_0001,PHONE_0001,CHECK_IN,2025-10-30 13:45:00,Warehouse_B,DEVICE_5,{'confidence': 0.92}
227,5,BADGE_0005,,CHECK_IN,2025-10-30 14:00:00,Warehouse_B,DEVICE_5,{'confidence': 0.92}
228,7,BADGE_0007,,CHECK_IN,2025-10-30 14:00:00,HQ,DEVICE_9,{'confidence': 0.88}
229,8,BADGE_0008,,CHECK_OUT,2025-10-30 14:00:00,Warehouse_B,DEVICE_5,{'confidence': 0.88}
230,9,BADGE_0009,PHONE_0009,CHECK_OUT,2025-10-30 14:00:00,Warehouse_A,DEVICE_7,{'confidence': 0.97}
231,12,BADGE_0012,PHONE_0012,CHECK_OUT,2025-10-30 14:00:00,Warehouse_A,DEVICE_5,{'confidence': 0.95}
232,13,BADGE_0013,,CHECK_IN,2025-10-30 14:00:00,Warehouse_A,DEVICE_3,{'confidence': 0.99}
233,18,BADGE_0018,,CHECK_OUT,2025-10-30 14:00:00,Warehouse_A,DEVICE_6,{'confidence': 0.86}
234,19,BADGE_0019_ALT,PHONE_0019,CHECK_OUT,2025-10-30 14:00:00,Warehouse_A,DEVICE_7,{'confidence': 0.92}
235,19,BADGE_0019_ALT,PHONE_0019,CHECK_OUT,2025-10-30 14:00:00,Warehouse_A,DEVICE_5,{'confidence': 0.96}
236,20,BADGE_0020,,CHECK_IN,2025-10-30 14:00:00,Office_Branch,DEVICE_2,{'confidence': 1.00}
237,21,BADGE_0021,,CHECK_IN,2025-10-30 14:00:00,HQ,DEVICE_9,{'confidence': 0.87}
238,28,BADGE_0028,PHONE_0028,CHECK_IN,2025-10-30 14:00:00,Office_Branch,DEVICE_5,{'confidence': 0.91}
239,31,BADGE_0031,PHONE_0031,CHECK_IN,2025-10-30 14:00:00,Warehouse_B,DEVICE_6,{'confidence': 0.88}
240,32,BADGE_0032,PHONE_0032,CHECK_IN,2025-10-30 14:00:00,HQ,DEVICE_3,{'confidence': 0.85}
241,34,BADGE_0034,,CHECK_OUT,2025-10-30 14:00:00,Office_Branch,DEVICE_2,{'confidence': 0.95}
242,46,BADGE_0046,PHONE_0046,CHECK_IN,2025-10-30 14:00:00,HQ,DEVICE_7,{'confidence': 0.97}
243,48,BADGE_0048,,CHECK_OUT,2025-10-30 14:00:00,Warehouse_B,DEVICE_7,{'confidence': 0.95}
244,50,BADGE_0050,,CHECK_IN,2025-10-30 14:00:00,HQ,DEVICE_7,{'confidence': 0.93}
245,4,BADGE_0004,,CHECK_IN,2025-10-30 14:01:00,Office_Branch,DEVICE_9,{'confidence': 0.92}
246,18,BADGE_0018,,CHECK_IN,2025-10-30 14:46:00,Warehouse_A,DEVICE_10,{'confidence': 0.87}
247,19,BADGE_0019_ALT,PHONE_0019,CHECK_IN,2025-10-30 14:46:00,Warehouse_A,DEVICE_1,{'confidence': 0.93}
248,35,BADGE_0035,PHONE_0035,CHECK_IN,2025-10-30 15:03:00,Office_Branch,DEVICE_2,{'confidence': 0.98}
249,41,BADGE_0041,,CHECK_IN,2025-10-30 15:34:00,HQ,DEVICE_6,{'confidence': 0.90}
250,26,BADGE_0026,,CHECK_OUT,2025-10-30 16:00:00,Warehouse_B,DEVICE_8,{'confidence': 0.98}
251,33,BADGE_0033,,CHECK_OUT,2025-10-30 16:30:00,HQ,DEVICE_2,{'confidence': 0.99}
252,30,BADGE_0030,,CHECK_OUT,2025-10-30 16:47:00,Warehouse_B,DEVICE_10,{'confidence': 0.94}
253,1,BADGE_0001,PHONE_0001,CHECK_OUT,2025-10-30 17:00:00,Warehouse_B,DEVICE_2,{'confidence': 0.99}
254,4,BADGE_0004,,CHECK_OUT,2025-10-30 17:00:00,Office_Branch,DEVICE_10,{'confidence': 0.98}
255,18,BADGE_0018,,CHECK_OUT,2025-10-30 17:00:00,Warehouse_A,DEVICE_9,{'confidence': 0.99}
256,25,BADGE_0025,,CHECK_OUT,2025-10-30 17:00:00,HQ,DEVICE_9,{'confidence': 0.92}
257,30,BADGE_0030,,CHECK_OUT,2025-10-30 17:00:00,Warehouse_B,DEVICE_4,{'confidence': 0.90}
258,30,BADGE_0030,,CHECK_IN,2025-10-30 17:46:00,Warehouse_B,DEVICE_7,{'confidence': 0.89}
259,5,BADGE_0005,,CHECK_OUT,2025-10-30 19:00:00,Warehouse_B,DEVICE_2,{'confidence': 1.00}
260,13,BADGE_0013,,CHECK_OUT,2025-10-30 19:00:00,Warehouse_A,DEVICE_3,{'confidence': 0.99}
261,13,BADGE_0013,,CHECK_IN,2025-10-30 19:15:00,Warehouse_B,DEVICE_5,{'confidence': 0.98}
262,5,BADGE_0005,,CHECK_IN,2025-10-30 19:51:00,Warehouse_B,DEVICE_10,{'confidence': 0.90}
263,41,BADGE_0041,,CHECK_OUT,2025-10-30 20:34:00,HQ,DEVICE_6,{'confidence': 0.96}
264,46,BADGE_0046,PHONE_0046,CHECK_OUT,2025-10-30 20:55:00,HQ,DEVICE_10,{'confidence': 0.87}
265,20,BADGE_0020,,CHECK_OUT,2025-10-30 21:01:00,Office_Branch,DEVICE_5,{'confidence': 0.91}
266,41,BADGE_0041,,CHECK_IN,2025-10-30 21:18:00,HQ,DEVICE_2,{'confidence': 0.87}
267,39,BADGE_0039,,CHECK_IN,2025-10-30 21:36:00,HQ,DEVICE_5,{'confidence': 0.97}
268,32,BADGE_0032,PHONE_0032,CHECK_OUT,2025-10-30 21:39:00,HQ,DEVICE_6,{'confidence': 0.86}
269,24,BADGE_0024,,CHECK_IN,2025-10-30 21:41:00,Warehouse_A,DEVICE_3,{'confidence': 1.00}
270,2,BADGE_0002,,CHECK_IN,2025-10-30 22:00:00,HQ,DEVICE_1,{'confidence': 0.98}
271,5,BADGE_0005,,CHECK_OUT,2025-10-30 22:00:00,Warehouse_B,DEVICE_1,{'confidence': 0.94}
272,6,BADGE_0006,,CHECK_IN,2025-10-30 22:00:00,HQ,DEVICE_4,{'confidence': 0.85}
273,7,BADGE_0007,,CHECK_OUT,2025-10-30 22:00:00,HQ,DEVICE_8,{'confidence': 0.93}
274,10,BADGE_0010,PHONE_0010,CHECK_IN,2025-10-30 22:00:00,Warehouse_B,DEVICE_4,{'confidence': 0.88}
275,14,BADGE_0014,,CHECK_IN,2025-10-30 22:00:00,Office_Branch,DEVICE_3,{'confidence': 0.98}
276,16,BADGE_0016,,CHECK_IN,2025-10-30 22:00:00,Office_Branch,DEVICE_10,{'confidence': 0.85}
277,17,BADGE_0017,,CHECK_IN,2025-10-30 22:00:00,Warehouse_B,DEVICE_5,{'confidence': 0.91}
278,21,BADGE_0021,,CHECK_OUT,2025-10-30 22:00:00,HQ,DEVICE_2,{'confidence': 0.88}
279,28,BADGE_0028,PHONE_0028,CHECK_OUT,2025-10-30 22:00:00,Office_Branch,DEVICE_6,{'confidence': 0.90}
280,31,BADGE_0031,PHONE_0031,CHECK_OUT,2025-10-30 22:00:00,Warehouse_B,DEVICE_8,{'confidence': 0.88}
281,35,BADGE_0035,PHONE_0035,CHECK_OUT,2025-10-30 22:00:00,Office_Branch,DEVICE_4,{'confidence': 0.88}
282,36,BADGE_0036,,CHECK_IN,2025-10-30 22:00:00,HQ,DEVICE_6,{'confidence': 0.85}
283,37,BADGE_0037,,CHECK_IN,2025-10-30 22:00:00,Warehouse_A,DEVICE_3,{'confidence': 0.97}
284,45,BADGE_0045,,CHECK_IN,2025-10-30 22:00:00,Warehouse_A,DEVICE_8,{'confidence': 0.97}
285,47,BADGE_0047,,CHECK_IN,2025-10-30 22:00:00,HQ,DEVICE_5,{'confidence': 0.97}
286,3,BADGE_0003_ALT,PHONE_0003,CHECK_IN,2025-10-30 22:21:00,HQ,DEVICE_5,{'confidence': 0.97}
287,27,BADGE_0027,,CHECK_IN,2025-10-30 23:03:00,HQ,DEVICE_6,{'confidence': 0.90}
288,41,BADGE_0041,,CHECK_OUT,2025-10-30 23:23:00,HQ,DEVICE_3,{'confidence': 0.91}
289,23,BADGE_0023,,CHECK_IN,2025-10-30 23:39:00,Warehouse_A,DEVICE_10,{'confidence': 0.86}
290,50,BADGE_0050,,CHECK_OUT,2025-10-31 00:48:00,HQ,DEVICE_6,{'confidence': 0.96}
291,24,BADGE_0024,,CHECK_OUT,2025-10-31 04:00:00,Warehouse_A,DEVICE_7,{'confidence': 0.90}
292,2,BADGE_0002,,CHECK_OUT,2025-10-31 04:42:00,HQ,DEVICE_5,{'confidence': 0.96}
293,16,BADGE_0016,,CHECK_OUT,2025-10-31 04:56:00,Office_Branch,DEVICE_4,{'confidence': 0.86}
294,6,BADGE_0006,,CHECK_OUT,2025-10-31 06:00:00,HQ,DEVICE_2,{'confidence': 0.88}
295,10,BADGE_0010,PHONE_0010,CHECK_OUT,2025-10-31 06:00:00,Warehouse_B,DEVICE_9,{'confidence': 0.95}
296,14,BADGE_0014,,CHECK_OUT,2025-10-31 06:00:00,Office_Branch,DEVICE_4,{'confidence': 0.97}
297,17,BADGE_0017,,CHECK_OUT,2025-10-31 06:00:00,Warehouse_B,DEVICE_3,{'confidence': 0.92}
298,27,BADGE_0027,,CHECK_OUT,2025-10-31 06:00:00,HQ,DEVICE_4,{'confidence': 0.99}
299,36,BADGE_0036,,CHECK_OUT,2025-10-31 06:00:00,HQ,DEVICE_3,{'confidence': 0.96}
300,37,BADGE_0037,,CHECK_OUT,2025-10-31 06:00:00,Warehouse_A,DEVICE_2,{'confidence': 0.93}
301,39,BADGE_0039,,CHECK_OUT,2025-10-31 06:00:00,HQ,DEVICE_4,{'confidence': 0.90}
302,45,BADGE_0045,,CHECK_OUT,2025-10-31 06:00:00,Warehouse_A,DEVICE_4,{'confidence': 0.96}
303,47,BADGE_0047,,CHECK_OUT,2025-10-31 06:00:00,HQ,DEVICE_2,{'confidence': 0.99}
304,20,BADGE_0020,,CHECK_IN,2025-10-31 09:00:00,Office_Branch,DEVICE_8,{'confidence': 0.95}
305,25,BADGE_0025,,CHECK_IN,2025-10-31 09:00:00,HQ,DEVICE_5,{'confidence': 0.87}
306,30,BADGE_0030,,CHECK_IN,2025-10-31 09:00:00,Warehouse_B,DEVICE_6,{'confidence': 0.87}
307,1,BADGE_0001,PHONE_0001,CHECK_IN,2025-10-31 09:46:00,Warehouse_B,DEVICE_6,{'confidence': 0.99}
308,4,BADGE_0004,,CHECK_IN,2025-10-31 09:58:00,Office_Branch,DEVICE_9,{'confidence': 0.87}
309,11,BADGE_0011,,CHECK_IN,2025-10-31 10:59:00,Warehouse_A,DEVICE_8,{'confidence': 0.92}
310,46,BADGE_0046,PHONE_0046,CHECK_IN,2025-10-31 13:38:00,HQ,DEVICE_7,{'confidence': 0.98}
311,5,BADGE_0005,,CHECK_IN,2025-10-31 14:00:00,Warehouse_B,DEVICE_7,{'confidence': 0.85}
312,13,BADGE_0013,,CHECK_IN,2025-10-31 14:00:00,Warehouse_A,DEVICE_8,{'confidence': 0.93}
313,18,BADGE_0018,,CHECK_IN,2025-10-31 14:00:00,Warehouse_A,DEVICE_7,{'confidence': 0.92}
314,21,BADGE_0021,,CHECK_IN,2025-10-31 14:00:00,HQ,DEVICE_8,{'confidence': 0.97}
315,31,BADGE_0031,PHONE_0031,CHECK_IN,2025-10-31 14:00:00,Warehouse_B,DEVICE_1,{'confidence': 0.99}
316,32,BADGE_0032,PHONE_0032,CHECK_IN,2025-10-31 14:00:00,HQ,DEVICE_5,{'confidence': 0.86}
317,35,BADGE_0035,PHONE_0035,CHECK_IN,2025-10-31 14:00:00,Office_Branch,DEVICE_2,{'confidence': 0.99}
318,41,BADGE_0041,,CHECK_IN,2025-10-31 14:00:00,HQ,DEVICE_2,{'confidence': 0.94}
319,50,BADGE_0050,,CHECK_IN,2025-10-31 14:00:00,HQ,DEVICE_6,{'confidence': 0.90}
320,11,BADGE_0011,,CHECK_OUT,2025-10-31 14:59:00,Warehouse_A,DEVICE_4,{'confidence': 0.89}
321,28,BADGE_0028,PHONE_0028,CHECK_IN,2025-10-31 15:00:00,Office_Branch,DEVICE_5,{'confidence': 0.88}
322,11,BADGE_0011,,CHECK_IN,2025-10-31 15:54:00,Warehouse_A,DEVICE_5,{'confidence': 0.88}
323,4,BADGE_0004,,CHECK_OUT,2025-10-31 17:00:00,Office_Branch,DEVICE_8,{'confidence': 0.88}
324,11,BADGE_0011,,CHECK_OUT,2025-10-31 17:00:00,Warehouse_A,DEVICE_5,{'confidence': 0.88}
325,20,BADGE_0020,,CHECK_OUT,2025-10-31 17:00:00,Office_Branch,DEVICE_2,{'confidence': 0.97}
326,30,BADGE_0030,,CHECK_OUT,2025-10-31 17:00:00,Warehouse_B,DEVICE_10,{'confidence': 0.91}
327,28,BADGE_0028,PHONE_0028,CHECK_OUT,2025-10-31 20:00:00,Office_Branch,DEVICE_4,{'confidence': 0.96}
328,41,BADGE_0041,,CHECK_OUT,2025-10-31 20:00:00,HQ,DEVICE_1,{'confidence': 0.88}
329,13,BADGE_0013,,CHECK_OUT,2025-10-31 20:36:00,Warehouse_A,DEVICE_2,{'confidence': 0.96}
330,41,BADGE_0041,,CHECK_IN,2025-10-31 20:58:00,HQ,DEVICE_9,{'confidence': 1.00}
331,47,BADGE_0047,,CHECK_IN,2025-10-31 21:51:00,HQ,DEVICE_6,{'confidence': 0.92}
332,5,BADGE_0005,,CHECK_OUT,2025-10-31 22:00:00,Warehouse_B,DEVICE_5,{'confidence': 0.96}
333,6,BADGE_0006,,CHECK_IN,2025-10-31 22:00:00,HQ,DEVICE_8,{'confidence': 0.93}
334,7,BADGE_0007,,CHECK_IN,2025-10-31 22:00:00,HQ,DEVICE_10,{'confidence': 0.86}
335,10,BADGE_0010,PHONE_0010,CHECK_IN,2025-10-31 22:00:00,Warehouse_B,DEVICE_3,{'confidence': 0.90}
336,14,BADGE_0014,,CHECK_IN,2025-10-31 22:00:00,Office_Branch,DEVICE_2,{'confidence': 0.97}
337,16,BADGE_0016,,CHECK_IN,2025-10-31 22:00:00,Office_Branch,DEVICE_3,{'confidence': 0.90}
338,17,BADGE_0017,,CHECK_IN,2025-10-31 22:00:00,Warehouse_B,DEVICE_7,{'confidence': 0.99}
339,18,BADGE_0018,,CHECK_OUT,2025-10-31 22:00:00,Warehouse_A,DEVICE_2,{'confidence': 0.91}
340,21,BADGE_0021,,CHECK_OUT,2025-10-31 22:00:00,HQ,DEVICE_1,{'confidence': 0.86}
341,24,BADGE_0024,,CHECK_IN,2025-10-31 22:00:00,Warehouse_A,DEVICE_2,{'confidence': 0.96}
342,27,BADGE_0027,,CHECK_IN,2025-10-31 22:00:00,HQ,DEVICE_3,{'confidence': 0.99}
343,36,BADGE_0036,,CHECK_IN,2025-10-31 22:00:00,HQ,DEVICE_6,{'confidence': 0.93}
344,37,BADGE_0037,,CHECK_IN,2025-10-31 22:00:00,Warehouse_A,DEVICE_10,{'confidence': 0.94}
345,39,BADGE_0039,,CHECK_IN,2025-10-31 22:00:00,HQ,DEVICE_1,{'confidence': 0.89}
346,41,BADGE_0041,,CHECK_OUT,2025-10-31 22:00:00,HQ,DEVICE_7,{'confidence': 0.86}
347,46,BADGE_0046,PHONE_0046,CHECK_OUT,2025-10-31 22:00:00,HQ,DEVICE_2,{'confidence': 0.88}
348,50,BADGE_0050,,CHECK_OUT,2025-10-31 22:00:00,HQ,DEVICE_2,{'confidence': 0.99}
349,23,BADGE_0023,,CHECK_IN,2025-10-31 22:35:00,Warehouse_A,DEVICE_5,{'confidence': 0.87}
350,45,BADGE_0045,,CHECK_IN,2025-10-31 22:40:00,Warehouse_A,DEVICE_8,{'confidence': 1.00}
351,2,BADGE_0002,,CHECK_IN,2025-10-31 22:43:00,HQ,DEVICE_8,{'confidence': 0.97}
352,3,BADGE_0003,PHONE_0003,CHECK_IN,2025-10-31 23:08:00,HQ,DEVICE_6,{'confidence': 0.92}
353,7,BADGE_0007,,CHECK_OUT,2025-11-01 02:00:00,HQ,DEVICE_5,{'confidence': 0.87}
354,7,BADGE_0007,,CHECK_IN,2025-11-01 02:37:00,HQ,DEVICE_6,{'confidence': 0.95}
355,24,BADGE_0024,,CHECK_OUT,2025-11-01 03:00:00,Warehouse_A,DEVICE_3,{'confidence': 0.94}
356,24,BADGE_0024,,CHECK_IN,2025-11-01 03:32:00,Warehouse_A,DEVICE_9,{'confidence': 0.95}
357,23,BADGE_0023,,CHECK_OUT,2025-11-01 04:51:00,Warehouse_A,DEVICE_5,{'confidence': 0.86}
358,3,BADGE_0003,PHONE_0003,CHECK_OUT,2025-11-01 05:27:00,HQ,DEVICE_8,{'confidence': 0.90}
359,2,BADGE_0002,,CHECK_OUT,2025-11-01 06:00:00,HQ,DEVICE_9,{'confidence': 0.87}
360,6,BADGE_0006,,CHECK_OUT,2025-11-01 06:00:00,HQ,DEVICE_10,{'confidence': 0.91}
361,7,BADGE_0007,,CHECK_OUT,2025-11-01 06:00:00,HQ,DEVICE_9,{'confidence': 0.91}
362,10,BADGE_0010,PHONE_0010,CHECK_OUT,2025-11-01 06:00:00,Warehouse_B,DEVICE_1,{'confidence': 0.98}
363,14,BADGE_0014,,CHECK_OUT,2025-11-01 06:00:00,Office_Branch,DEVICE_10,{'confidence': 0.95}
364,17,BADGE_0017,,CHECK_OUT,2025-11-01 06:00:00,Warehouse_B,DEVICE_3,{'confidence': 0.96}
365,24,BADGE_0024,,CHECK_OUT,2025-11-01 06:00:00,Warehouse_A,DEVICE_1,{'confidence': 0.85}
366,36,BADGE_0036,,CHECK_OUT,2025-11-01 06:00:00,HQ,DEVICE_5,{'confidence': 0.88}
367,37,BADGE_0037,,CHECK_OUT,2025-11-01 06:00:00,Warehouse_A,DEVICE_9,{'confidence': 0.90}
368,39,BADGE_0039,,CHECK_OUT,2025-11-01 06:00:00,HQ,DEVICE_7,{'confidence': 0.99}
369,45,BADGE_0045,,CHECK_OUT,2025-11-01 06:00:00,Warehouse_A,DEVICE_9,{'confidence': 0.96}
370,47,BADGE_0047,,CHECK_OUT,2025-11-01 06:00:00,HQ,DEVICE_10,{'confidence': 0.86}
371,27,BADGE_0027,,CHECK_OUT,2025-11-01 06:57:00,HQ,DEVICE_8,{'confidence': 0.98}
372,12,BADGE_0012,PHONE_0012,CHECK_IN,2025-11-01 09:30:00,Warehouse_A,DEVICE_2,{'confidence': 0.89}
373,8,BADGE_0008,,CHECK_IN,2025-11-01 10:00:00,Warehouse_B,DEVICE_8,{'confidence': 0.98}
374,15,BADGE_0015,,CHECK_IN,2025-11-01 10:00:00,Warehouse_B,DEVICE_10,{'confidence': 0.88}
375,19,BADGE_0019,PHONE_0019,CHECK_IN,2025-11-01 10:00:00,Warehouse_A,DEVICE_1,{'confidence': 0.99}
376,22,BADGE_0022,,CHECK_IN,2025-11-01 10:00:00,Office_Branch,DEVICE_2,{'confidence': 0.89}
377,26,BADGE_0026,,CHECK_IN,2025-11-01 10:00:00,Warehouse_B,DEVICE_6,{'confidence': 0.89}
378,33,BADGE_0033,,CHECK_IN,2025-11-01 10:00:00,HQ,DEVICE_5,{'confidence': 0.92}
379,46,BADGE_0046,PHONE_0046,CHECK_IN,2025-11-01 10:00:00,HQ,DEVICE_2,{'confidence': 0.88}
380,48,BADGE_0048,,CHECK_IN,2025-11-01 10:00:00,Warehouse_B,DEVICE_4,{'confidence': 0.98}
381,9,BADGE_0009,PHONE_0009,CHECK_IN,2025-11-01 10:40:00,Warehouse_A,DEVICE_6,{'confidence': 0.92}
382,42,BADGE_0042,PHONE_0042,CHECK_IN,2025-11-01 10:50:00,Office_Branch,DEVICE_1,{'confidence': 0.96}
383,34,BADGE_0034,,CHECK_OUT,2025-11-01 12:00:00,Office_Branch,DEVICE_1,{'confidence': 0.93}
384,33,BADGE_0033,,CHECK_OUT,2025-11-01 12:36:00,HQ,DEVICE_5,{'confidence': 0.93}
385,8,BADGE_0008,,CHECK_OUT,2025-11-01 12:51:00,Warehouse_B,DEVICE_9,{'confidence': 0.92}
386,34,BADGE_0034,,CHECK_IN,2025-11-01 13:00:00,Office_Branch,DEVICE_2,{'confidence': 0.91}
387,15,BADGE_0015,,CHECK_OUT,2025-11-01 13:38:00,Warehouse_B,DEVICE_3,{'confidence': 0.97}
388,5,BADGE_0005,,CHECK_IN,2025-11-01 14:00:00,Warehouse_B,DEVICE_2,{'confidence': 0.97}
389,9,BADGE_0009,PHONE_0009,CHECK_OUT,2025-11-01 14:00:00,Warehouse_A,DEVICE_6,{'confidence': 0.99}
390,19,BADGE_0019,PHONE_0019,CHECK_OUT,2025-11-01 14:00:00,Warehouse_A,DEVICE_7,{'confidence': 0.98}
391,22,BADGE_0022,,CHECK_OUT,2025-11-01 14:00:00,Office_Branch,DEVICE_3,{'confidence': 0.95}
392,26,BADGE_0026,,CHECK_OUT,2025-11-01 14:00:00,Warehouse_B,DEVICE_2,{'confidence': 0.90}
393,41,BADGE_0041,,CHECK_IN,2025-11-01 14:00:00,HQ,DEVICE_9,{'confidence': 0.98}
394,42,BADGE_0042,PHONE_0042,CHECK_OUT,2025-11-01 14:00:00,Office_Branch,DEVICE_6,{'confidence': 0.85}
395,46,BADGE_0046,PHONE_0046,CHECK_OUT,2025-11-01 14:00:00,HQ,DEVICE_7,{'confidence': 0.96}
396,48,BADGE_0048,,CHECK_OUT,2025-11-01 14:00:00,Warehouse_B,DEVICE_8,{'confidence': 0.86}
397,31,BADGE_0031,PHONE_0031,CHECK_IN,2025-11-01 14:15:00,Warehouse_B,DEVICE_4,{'confidence': 0.88}
398,26,BADGE_0026,,CHECK_OUT,2025-11-01 15:00:00,Warehouse_B,DEVICE_7,{'confidence': 0.87}
399,26,BADGE_0026,,CHECK_IN,2025-11-01 15:35:00,Warehouse_B,DEVICE_2,{'confidence': 0.93}
400,8,BADGE_0008,,CHECK_OUT,2025-11-01 16:00:00,Warehouse_B,DEVICE_4,{'confidence': 0.95}
401,15,BADGE_0015,,CHECK_OUT,2025-11-01 16:00:00,Warehouse_B,DEVICE_6,{'confidence': 0.86}
402,12,BADGE_0012,PHONE_0012,CHECK_OUT,2025-11-01 16:15:00,Warehouse_A,DEVICE_9,{'confidence': 0.97}
403,15,BADGE_0015,,CHECK_IN,2025-11-01 16:35:00,Warehouse_B,DEVICE_3,{'confidence': 0.94}
404,8,BADGE_0008,,CHECK_IN,2025-11-01 16:49:00,Warehouse_B,DEVICE_8,{'confidence': 0.91}
405,5,BADGE_0005,,CHECK_OUT,2025-11-01 18:00:00,Warehouse_B,DEVICE_4,{'confidence': 0.87}
406,5,BADGE_0005,,CHECK_IN,2025-11-01 18:31:00,Warehouse_B,DEVICE_7,{'confidence': 0.91}
407,2,BADGE_0002,,CHECK_IN,2025-11-01 22:00:00,HQ,DEVICE_8,{'confidence': 0.89}
408,5,BADGE_0005,,CHECK_OUT,2025-11-01 22:00:00,Warehouse_B,DEVICE_2,{'confidence': 0.94}
409,7,BADGE_0007,,CHECK_IN,2025-11-01 22:00:00,HQ,DEVICE_8,{'confidence': 0.86}
410,14,BADGE_0014,,CHECK_IN,2025-11-01 22:00:00,Office_Branch,DEVICE_10,{'confidence': 0.90}
411,17,BADGE_0017,,CHECK_IN,2025-11-01 22:00:00,Warehouse_B,DEVICE_7,{'confidence': 0.97}
412,24,BADGE_0024,,CHECK_IN,2025-11-01 22:00:00,Warehouse_A,DEVICE_7,{'confidence': 1.00}
413,27,BADGE_0027,,CHECK_IN,2025-11-01 22:00:00,HQ,DEVICE_4,{'confidence': 1.00}
414,31,BADGE_0031,PHONE_0031,CHECK_OUT,2025-11-01 22:00:00,Warehouse_B,DEVICE_2,{'confidence': 0.92}
415,41,BADGE_0041,,CHECK_OUT,2025-11-01 22:00:00,HQ,DEVICE_5,{'confidence': 0.91}
416,36,BADGE_0036,,CHECK_IN,2025-11-01 23:00:00,HQ,DEVICE_3,{'confidence': 0.98}
417,2,BADGE_0002,,CHECK_OUT,2025-11-02 02:00:00,HQ,DEVICE_5,{'confidence': 0.97}
418,14,BADGE_0014,,CHECK_OUT,2025-11-02 02:00:00,Office_Branch,DEVICE_10,{'confidence': 0.87}
419,14,BADGE_0014,,CHECK_IN,2025-11-02 02:15:00,Warehouse_B,DEVICE_4,{'confidence': 0.98}
420,2,BADGE_0002,,CHECK_IN,2025-11-02 02:55:00,HQ,DEVICE_10,{'confidence': 0.86}
421,2,BADGE_0002,,CHECK_OUT,2025-11-02 06:00:00,HQ,DEVICE_6,{'confidence': 0.87}
422,14,BADGE_0014,,CHECK_OUT,2025-11-02 06:00:00,Office_Branch,DEVICE_6,{'confidence': 0.99}
423,17,BADGE_0017,,CHECK_OUT,2025-11-02 06:00:00,Warehouse_B,DEVICE_6,{'confidence': 0.88}
424,27,BADGE_0027,,CHECK_OUT,2025-11-02 06:00:00,HQ,DEVICE_9,{'confidence': 0.96}
425,36,BADGE_0036,,CHECK_OUT,2025-11-02 06:00:00,HQ,DEVICE_2,{'confidence': 0.86}
426,24,BADGE_0024,,CHECK_OUT,2025-11-02 07:20:00,Warehouse_A,DEVICE_8,{'confidence': 0.98}
427,29,BADGE_0029,,CHECK_IN,2025-11-02 09:00:00,Warehouse_A,DEVICE_5,{'confidence': 0.88}
428,40,BADGE_0040,,CHECK_IN,2025-11-02 09:00:00,Warehouse_A,DEVICE_9,{'confidence': 0.88}
429,40,BADGE_0040,,CHECK_OUT,2025-11-02 13:00:00,Warehouse_A,DEVICE_5,{'confidence': 0.96}
430,40,BADGE_0040,,CHECK_IN,2025-11-02 13:53:00,Warehouse_A,DEVICE_9,{'confidence': 0.96}
431,29,BADGE_0029,,CHECK_OUT,2025-11-02 16:10:00,Warehouse_A,DEVICE_4,{'confidence': 0.98}
432,40,BADGE_0040,,CHECK_OUT,2025-11-02 17:00:00,Warehouse_A,DEVICE_3,{'confidence': 0.99}
433,16,BADGE_0016,,CHECK_IN,2025-11-02 22:00:00,Office_Branch,DEVICE_3,{'confidence': 0.95}
434,16,BADGE_0016,,CHECK_OUT,2025-11-03 06:00:00,Office_Branch,DEVICE_1,{'confidence': 0.88}
435,1,BADGE_0001,PHONE_0001,CHECK_IN,2025-11-03 09:00:00,Warehouse_B,DEVICE_7,{'confidence': 0.86}
436,11,BADGE_0011,,CHECK_IN,2025-11-03 09:00:00,Warehouse_A,DEVICE_4,{'confidence': 0.92}
437,18,BADGE_0018,,CHECK_IN,2025-11-03 09:00:00,Warehouse_A,DEVICE_7,{'confidence': 0.92}
438,20,BADGE_0020,,CHECK_IN,2025-11-03 09:00:00,Office_Branch,DEVICE_7,{'confidence': 0.87}
439,24,BADGE_0024,,CHECK_IN,2025-11-03 09:00:00,Warehouse_A,DEVICE_6,{'confidence': 0.93}
440,29,BADGE_0029,,CHECK_IN,2025-11-03 09:00:00,Warehouse_A,DEVICE_3,{'confidence': 0.96}
441,30,BADGE_0030,,CHECK_IN,2025-11-03 09:00:00,Warehouse_B,DEVICE_9,{'confidence': 0.89}
442,4,BADGE_0004,,CHECK_IN,2025-11-03 10:10:00,Office_Branch,DEVICE_6,{'confidence': 0.99}
443,38,BADGE_0038,,CHECK_IN,2025-11-03 10:45:00,Warehouse_B,DEVICE_9,{'confidence': 0.91}
444,25,BADGE_0025,,CHECK_IN,2025-11-03 10:52:00,HQ,DEVICE_8,{'confidence': 0.87}
445,7,BADGE_0007,,CHECK_IN,2025-11-03 13:52:00,HQ,DEVICE_5,{'confidence': 0.92}
446,5,BADGE_0005,,CHECK_IN,2025-11-03 14:00:00,Warehouse_B,DEVICE_1,{'confidence': 0.89}
447,13,BADGE_0013,,CHECK_IN,2025-11-03 14:00:00,Warehouse_A,DEVICE_3,{'confidence': 0.95}
448,21,BADGE_0021,,CHECK_IN,2025-11-03 14:00:00,HQ,DEVICE_5,{'confidence': 0.86}
449,28,BADGE_0028,PHONE_0028,CHECK_IN,2025-11-03 14:00:00,Office_Branch,DEVICE_8,{'confidence': 0.92}
450,29,BADGE_0029,,CHECK_OUT,2025-11-03 14:00:00,Warehouse_A,DEVICE_10,{'confidence': 0.94}
451,31,BADGE_0031,PHONE_0031,CHECK_IN,2025-11-03 14:00:00,Warehouse_B,DEVICE_6,{'confidence': 0.96}
452,32,BADGE_0032,PHONE_0032,CHECK_IN,2025-11-03 14:00:00,HQ,DEVICE_1,{'confidence': 0.91}
453,35,BADGE_0035,PHONE_0035,CHECK_IN,2025-11-03 14:00:00,Office_Branch,DEVICE_7,{'confidence': 0.91}
454,29,BADGE_0029,,CHECK_IN,2025-11-03 14:51:00,Warehouse_A,DEVICE_6,{'confidence': 0.93}
455,18,BADGE_0018,,CHECK_OUT,2025-11-03 15:00:00,Warehouse_A,DEVICE_1,{'confidence': 0.96}
456,18,BADGE_0018,,CHECK_IN,2025-11-03 15:40:00,Warehouse_A,DEVICE_9,{'confidence': 0.97}
457,25,BADGE_0025,,CHECK_OUT,2025-11-03 16:00:00,HQ,DEVICE_7,{'confidence': 0.87}
458,4,BADGE_0004,,CHECK_OUT,2025-11-03 17:00:00,Office_Branch,DEVICE_9,{'confidence': 0.88}
459,11,BADGE_0011,,CHECK_OUT,2025-11-03 17:00:00,Warehouse_A,DEVICE_5,{'confidence': 0.92}
460,20,BADGE_0020,,CHECK_OUT,2025-11-03 17:00:00,Office_Branch,DEVICE_10,{'confidence': 0.86}
461,24,BADGE_0024,,CHECK_OUT,2025-11-03 17:00:00,Warehouse_A,DEVICE_8,{'confidence': 0.96}
462,29,BADGE_0029,,CHECK_OUT,2025-11-03 17:00:00,Warehouse_A,DEVICE_7,{'confidence': 0.91}
463,30,BADGE_0030,,CHECK_OUT,2025-11-03 17:00:00,Warehouse_B,DEVICE_6,{'confidence': 0.96}
464,18,BADGE_0018,,CHECK_OUT,2025-11-03 17:48:00,Warehouse_A,DEVICE_10,{'confidence': 0.96}
465,32,BADGE_0032,PHONE_0032,CHECK_OUT,2025-11-03 18:00:00,HQ,DEVICE_5,{'confidence': 0.96}
466,1,BADGE_0001,PHONE_0001,CHECK_OUT,2025-11-03 18:04:00,Warehouse_B,DEVICE_3,{'confidence': 1.00}
467,32,BADGE_0032,PHONE_0032,CHECK_IN,2025-11-03 18:36:00,HQ,DEVICE_3,{'confidence': 1.00}
468,13,BADGE_0013,,CHECK_OUT,2025-11-03 19:00:00,Warehouse_A,DEVICE_8,{'confidence': 0.99}
469,7,BADGE_0007,,CHECK_OUT,2025-11-03 19:52:00,HQ,DEVICE_1,{'confidence': 0.90}
470,13,BADGE_0013,,CHECK_IN,2025-11-03 19:58:00,Warehouse_A,DEVICE_5,{'confidence': 0.98}
471,35,BADGE_0035,PHONE_0035,CHECK_OUT,2025-11-03 20:00:00,Office_Branch,DEVICE_6,{'confidence': 0.99}
472,7,BADGE_0007,,CHECK_IN,2025-11-03 20:43:00,HQ,DEVICE_2,{'confidence': 0.95}
473,5,BADGE_0005,,CHECK_OUT,2025-11-03 22:00:00,Warehouse_B,DEVICE_9,{'confidence': 0.94}
474,6,BADGE_0006,,CHECK_IN,2025-11-03 22:00:00,HQ,DEVICE_4,{'confidence': 0.96}
475,10,BADGE_0010,PHONE_0010,CHECK_IN,2025-11-03 22:00:00,Warehouse_B,DEVICE_7,{'confidence': 0.89}
476,13,BADGE_0013,,CHECK_OUT,2025-11-03 22:00:00,Warehouse_A,DEVICE_2,{'confidence': 0.91}
477,16,BADGE_0016,,CHECK_IN,2025-11-03 22:00:00,Office_Branch,DEVICE_1,{'confidence': 1.00}
478,21,BADGE_0021,,CHECK_OUT,2025-11-03 22:00:00,HQ,DEVICE_7,{'confidence': 0.91}
479,28,BADGE_0028,PHONE_0028,CHECK_OUT,2025-11-03 22:00:00,Office_Branch,DEVICE_9,{'confidence': 0.87}
480,31,BADGE_0031,PHONE_0031,CHECK_OUT,2025-11-03 22:00:00,Warehouse_B,DEVICE_9,{'confidence': 0.92}
481,32,BADGE_0032,PHONE_0032,CHECK_OUT,2025-11-03 22:00:00,HQ,DEVICE_5,{'confidence': 0.87}
482,36,BADGE_0036,,CHECK_IN,2025-11-03 22:00:00,HQ,DEVICE_9,{'confidence': 0.96}
483,37,BADGE_0037,,CHECK_IN,2025-11-03 22:00:00,Warehouse_A,DEVICE_8,{'confidence': 0.96}
484,7,BADGE_0007,,CHECK_OUT,2025-11-03 22:44:00,HQ,DEVICE_5,{'confidence': 0.94}
485,23,BADGE_0023,,CHECK_IN,2025-11-03 23:18:00,Warehouse_A,DEVICE_9,{'confidence': 0.93}
486,3,BADGE_0003,PHONE_0003,CHECK_IN,2025-11-03 23:46:00,HQ,DEVICE_5,{'confidence': 0.88}
487,37,BADGE_0037,,CHECK_OUT,2025-11-04 02:00:00,Warehouse_A,DEVICE_6,{'confidence': 0.94}
488,37,BADGE_0037,,CHECK_IN,2025-11-04 02:59:00,Warehouse_A,DEVICE_10,{'confidence': 0.98}
489,10,BADGE_0010,PHONE_0010,CHECK_OUT,2025-11-04 03:00:00,Warehouse_B,DEVICE_4,{'confidence': 0.95}
490,10,BADGE_0010,PHONE_0010,CHECK_IN,2025-11-04 03:59:00,Warehouse_B,DEVICE_8,{'confidence': 0.90}
491,6,BADGE_0006,,CHECK_OUT,2025-11-04 04:00:00,HQ,DEVICE_10,{'confidence': 0.93}
492,36,BADGE_0036,,CHECK_OUT,2025-11-04 04:00:00,HQ,DEVICE_4,{'confidence': 0.89}
493,6,BADGE_0006,,CHECK_IN,2025-11-04 04:30:00,HQ,DEVICE_2,{'confidence': 0.90}
494,36,BADGE_0036,,CHECK_IN,2025-11-04 05:00:00,HQ,DEVICE_3,{'confidence': 1.00}
495,3,BADGE_0003,PHONE_0003,CHECK_OUT,2025-11-04 05:03:00,HQ,DEVICE_10,{'confidence': 0.96}
496,6,BADGE_0006,,CHECK_OUT,2025-11-04 06:00:00,HQ,DEVICE_1,{'confidence': 0.91}
497,10,BADGE_0010,PHONE_0010,CHECK_OUT,2025-11-04 06:00:00,Warehouse_B,DEVICE_1,{'confidence': 0.85}
498,16,BADGE_0016,,CHECK_OUT,2025-11-04 06:00:00,Office_Branch,DEVICE_2,{'confidence': 0.91}
499,36,BADGE_0036,,CHECK_OUT,2025-11-04 06:00:00,HQ,DEVICE_2,{'confidence': 0.88}
500,37,BADGE_0037,,CHECK_OUT,2025-11-04 06:00:00,Warehouse_A,DEVICE_5,{'confidence': 0.92}
